year_week,moodulation_potentional,k0_au2/s,k0_m2/s,V,year,month
1951.12,661,1.33131618759455E-004,2.99546142208775E+018,400,1951,2
1951.20,651,1.35176651305684E-004,3.04147465437788E+018,400,1951,3
1951.29,642,1.37071651090343E-004,3.08411214953271E+018,400,1951,4
1951.37,601,1.46422628951747E-004,3.29450915141431E+018,400,1951,5
1951.45,571,1.54115586690018E-004,3.46760070052539E+018,400,1951,6
1951.54,600,1.46666666666667E-004,3.30000000000000E+018,400,1951,7
1951.62,623,1.41252006420546E-004,3.17817014446228E+018,400,1951,8
1951.70,580,1.51724137931035E-004,3.41379310344828E+018,400,1951,9
1951.79,574,1.53310104529617E-004,3.44947735191638E+018,400,1951,10
1951.87,588,1.49659863945578E-004,3.36734693877551E+018,400,1951,11
1951.95,573,1.53577661431065E-004,3.45549738219895E+018,400,1951,12
1952.04,599,1.46911519198664E-004,3.30550918196995E+018,400,1952,1
1952.12,609,1.44499178981938E-004,3.25123152709360E+018,400,1952,2
1952.20,622,1.41479099678457E-004,3.18327974276527E+018,400,1952,3
1952.29,595,1.47899159663866E-004,3.32773109243697E+018,400,1952,4
1952.37,557,1.57989228007181E-004,3.55475763016158E+018,400,1952,5
1952.45,540,1.62962962962963E-004,3.66666666666667E+018,400,1952,6
1952.54,528,1.66666666666667E-004,3.75000000000000E+018,400,1952,7
1952.62,529,1.66351606805293E-004,3.74291115311909E+018,400,1952,8
1952.70,521,1.68905950095969E-004,3.80038387715931E+018,400,1952,9
1952.79,558,1.57706093189964E-004,3.54838709677419E+018,400,1952,10
1952.87,541,1.62661737523105E-004,3.65988909426987E+018,400,1952,11
1952.95,553,1.59132007233273E-004,3.58047016274864E+018,400,1952,12
1953.04,575,1.53043478260870E-004,3.44347826086957E+018,400,1953,1
1953.12,563,1.56305506216696E-004,3.51687388987567E+018,400,1953,2
1953.20,569,1.54657293497364E-004,3.47978910369069E+018,400,1953,3
1953.29,565,1.55752212389381E-004,3.50442477876106E+018,400,1953,4
1953.37,564,1.56028368794326E-004,3.51063829787234E+018,400,1953,5
1953.45,553,1.59132007233273E-004,3.58047016274864E+018,400,1953,6
1953.54,561,1.56862745098039E-004,3.52941176470588E+018,400,1953,7
1953.62,556,1.58273381294964E-004,3.56115107913669E+018,400,1953,8
1953.70,553,1.59132007233273E-004,3.58047016274864E+018,400,1953,9
1953.79,543,1.62062615101289E-004,3.64640883977901E+018,400,1953,10
1953.87,545,1.61467889908257E-004,3.63302752293578E+018,400,1953,11
1953.95,533,1.65103189493433E-004,3.71482176360225E+018,400,1953,12
1954.04,527,1.66982922201139E-004,3.75711574952562E+018,400,1954,1
1954.12,515,1.70873786407767E-004,3.84466019417476E+018,400,1954,2
1954.20,497,1.77062374245473E-004,3.98390342052314E+018,400,1954,3
1954.29,504,1.74603174603175E-004,3.92857142857143E+018,400,1954,4
1954.37,499,1.76352705410822E-004,3.96793587174349E+018,400,1954,5
1954.45,501,1.75648702594810E-004,3.95209580838323E+018,400,1954,6
1954.54,495,1.77777777777778E-004,4.00000000000000E+018,400,1954,7
1954.62,480,1.83333333333333E-004,4.12500000000000E+018,400,1954,8
1954.70,485,1.81443298969072E-004,4.08247422680412E+018,400,1954,9
1954.79,487,1.80698151950719E-004,4.06570841889117E+018,400,1954,10
1954.87,495,1.77777777777778E-004,4.00000000000000E+018,400,1954,11
1954.95,504,1.74603174603175E-004,3.92857142857143E+018,400,1954,12
1955.04,539,1.63265306122449E-004,3.67346938775510E+018,400,1955,1
1955.12,505,1.74257425742574E-004,3.92079207920792E+018,400,1955,2
1955.20,503,1.74950298210736E-004,3.93638170974155E+018,400,1955,3
1955.29,503,1.74950298210736E-004,3.93638170974155E+018,400,1955,4
1955.37,496,1.77419354838710E-004,3.99193548387097E+018,400,1955,5
1955.45,500,1.76000000000000E-004,3.96000000000000E+018,400,1955,6
1955.54,500,1.76000000000000E-004,3.96000000000000E+018,400,1955,7
1955.62,508,1.73228346456693E-004,3.89763779527559E+018,400,1955,8
1955.70,496,1.77419354838710E-004,3.99193548387097E+018,400,1955,9
1955.79,516,1.70542635658915E-004,3.83720930232558E+018,400,1955,10
1955.87,513,1.71539961013645E-004,3.85964912280702E+018,400,1955,11
1955.95,549,1.60291438979964E-004,3.60655737704918E+018,400,1955,12
1956.04,580,1.51724137931035E-004,3.41379310344828E+018,400,1956,1
1956.12,606,1.45214521452145E-004,3.26732673267327E+018,400,1956,2
1956.20,656,1.34146341463415E-004,3.01829268292683E+018,400,1956,3
1956.29,613,1.43556280587276E-004,3.23001631321370E+018,400,1956,4
1956.37,637,1.38147566718995E-004,3.10832025117739E+018,400,1956,5
1956.45,627,1.40350877192983E-004,3.15789473684211E+018,400,1956,6
1956.54,602,1.46179401993356E-004,3.28903654485050E+018,400,1956,7
1956.62,607,1.44975288303130E-004,3.26194398682043E+018,400,1956,8
1956.70,632,1.39240506329114E-004,3.13291139240506E+018,400,1956,9
1956.79,580,1.51724137931035E-004,3.41379310344828E+018,400,1956,10
1956.87,663,1.32730015082956E-004,2.98642533936652E+018,400,1956,11
1956.95,775,1.13548387096774E-004,2.55483870967742E+018,400,1956,12
1957.04,856,1.02803738317757E-004,2.31308411214953E+018,400,1957,1
1957.12,863,1.01969872537659E-004,2.29432213209734E+018,400,1957,2
1957.20,840,1.04761904761905E-004,2.35714285714286E+018,400,1957,3
1957.29,914,9.62800875273523E-005,2.16630196936543E+018,400,1957,4
1957.37,872,1.00917431192661E-004,2.27064220183486E+018,400,1957,5
1957.45,902,9.75609756097561E-005,2.19512195121951E+018,400,1957,6
1957.54,933,9.43193997856378E-005,2.12218649517685E+018,400,1957,7
1957.62,893,9.85442329227324E-005,2.21724524076148E+018,400,1957,8
1957.70,1015,8.66995073891626E-005,1.95073891625616E+018,400,1957,9
1957.79,970,9.07216494845361E-005,2.04123711340206E+018,400,1957,10
1957.87,986,8.92494929006085E-005,2.00811359026369E+018,400,1957,11
1957.95,1046,8.41300191204589E-005,1.89292543021033E+018,400,1957,12
1958.04,1040,8.46153846153846E-005,1.90384615384615E+018,400,1958,1
1958.12,1021,8.61900097943193E-005,1.93927522037218E+018,400,1958,2
1958.20,1078,8.16326530612245E-005,1.83673469387755E+018,400,1958,3
1958.29,1061,8.29406220546654E-005,1.86616399622997E+018,400,1958,4
1958.37,978,8.99795501022495E-005,2.02453987730061E+018,400,1958,5
1958.45,937,9.39167556029883E-005,2.11312700106724E+018,400,1958,6
1958.54,1010,8.71287128712871E-005,1.96039603960396E+018,400,1958,7
1958.62,954,9.22431865828092E-005,2.07547169811321E+018,400,1958,8
1958.70,939,9.37167199148030E-005,2.10862619808307E+018,400,1958,9
1958.79,936,9.40170940170940E-005,2.11538461538462E+018,400,1958,10
1958.87,922,9.54446854663775E-005,2.14750542299349E+018,400,1958,11
1958.95,959,9.17622523461940E-005,2.06465067778936E+018,400,1958,12
1959.04,932,9.44206008583691E-005,2.12446351931331E+018,400,1959,1
1959.12,966,9.10973084886129E-005,2.04968944099379E+018,400,1959,2
1959.20,900,9.77777777777778E-005,2.20000000000000E+018,400,1959,3
1959.29,862,1.02088167053364E-004,2.29698375870070E+018,400,1959,4
1959.37,925,9.51351351351352E-005,2.14054054054054E+018,400,1959,5
1959.45,880,1.00000000000000E-004,2.25000000000000E+018,400,1959,6
1959.54,1071,8.21661998132587E-005,1.84873949579832E+018,400,1959,7
1959.62,1038,8.47784200385357E-005,1.90751445086705E+018,400,1959,8
1959.70,992,8.87096774193549E-005,1.99596774193548E+018,400,1959,9
1959.79,909,9.68096809680968E-005,2.17821782178218E+018,400,1959,10
1959.87,896,9.82142857142857E-005,2.20982142857143E+018,400,1959,11
1959.95,916,9.60698689956332E-005,2.16157205240175E+018,400,1959,12
1960.04,962,9.14760914760915E-005,2.05821205821206E+018,400,1960,1
1960.12,932,9.44206008583691E-005,2.12446351931331E+018,400,1960,2
1960.20,888,9.90990990990991E-005,2.22972972972973E+018,400,1960,3
1960.29,947,9.29250263991553E-005,2.09081309398099E+018,400,1960,4
1960.37,945,9.31216931216932E-005,2.09523809523810E+018,400,1960,5
1960.45,906,9.71302428256071E-005,2.18543046357616E+018,400,1960,6
1960.54,905,9.72375690607735E-005,2.18784530386740E+018,400,1960,7
1960.62,854,1.03044496487119E-004,2.31850117096019E+018,400,1960,8
1960.70,856,1.02803738317757E-004,2.31308411214953E+018,400,1960,9
1960.79,856,1.02803738317757E-004,2.31308411214953E+018,400,1960,10
1960.87,892,9.86547085201794E-005,2.21973094170404E+018,400,1960,11
1960.95,850,1.03529411764706E-004,2.32941176470588E+018,400,1960,12
1961.04,789,1.11533586818758E-004,2.50950570342205E+018,400,1961,1
1961.12,770,1.14285714285714E-004,2.57142857142857E+018,400,1961,2
1961.20,771,1.14137483787289E-004,2.56809338521401E+018,400,1961,3
1961.29,775,1.13548387096774E-004,2.55483870967742E+018,400,1961,4
1961.37,746,1.17962466487936E-004,2.65415549597855E+018,400,1961,5
1961.45,750,1.17333333333333E-004,2.64000000000000E+018,400,1961,6
1961.54,856,1.02803738317757E-004,2.31308411214953E+018,400,1961,7
1961.62,784,1.12244897959184E-004,2.52551020408163E+018,400,1961,8
1961.70,753,1.16865869853918E-004,2.62948207171315E+018,400,1961,9
1961.79,729,1.20713305898491E-004,2.71604938271605E+018,400,1961,10
1961.87,683,1.28843338213763E-004,2.89897510980966E+018,400,1961,11
1961.95,700,1.25714285714286E-004,2.82857142857143E+018,400,1961,12
1962.04,704,1.25000000000000E-004,2.81250000000000E+018,400,1962,1
1962.12,715,1.23076923076923E-004,2.76923076923077E+018,400,1962,2
1962.20,705,1.24822695035461E-004,2.80851063829787E+018,400,1962,3
1962.29,720,1.22222222222222E-004,2.75000000000000E+018,400,1962,4
1962.37,689,1.27721335268505E-004,2.87373004354136E+018,400,1962,5
1962.45,682,1.29032258064516E-004,2.90322580645161E+018,400,1962,6
1962.54,675,1.30370370370370E-004,2.93333333333333E+018,400,1962,7
1962.62,675,1.30370370370370E-004,2.93333333333333E+018,400,1962,8
1962.70,696,1.26436781609195E-004,2.84482758620690E+018,400,1962,9
1962.79,701,1.25534950071327E-004,2.82453637660485E+018,400,1962,10
1962.87,677,1.29985228951256E-004,2.92466765140325E+018,400,1962,11
1962.95,686,1.28279883381924E-004,2.88629737609330E+018,400,1962,12
1963.04,644,1.36645962732919E-004,3.07453416149068E+018,400,1963,1
1963.12,627,1.40350877192983E-004,3.15789473684211E+018,400,1963,2
1963.20,629,1.39904610492846E-004,3.14785373608903E+018,400,1963,3
1963.29,611,1.44026186579378E-004,3.24058919803601E+018,400,1963,4
1963.37,634,1.38801261829653E-004,3.12302839116719E+018,400,1963,5
1963.45,610,1.44262295081967E-004,3.24590163934426E+018,400,1963,6
1963.54,606,1.45214521452145E-004,3.26732673267327E+018,400,1963,7
1963.62,615,1.43089430894309E-004,3.21951219512195E+018,400,1963,8
1963.70,641,1.37285491419657E-004,3.08892355694228E+018,400,1963,9
1963.79,619,1.42164781906301E-004,3.19870759289176E+018,400,1963,10
1963.87,608,1.44736842105263E-004,3.25657894736842E+018,400,1963,11
1963.95,591,1.48900169204738E-004,3.35025380710660E+018,400,1963,12
1964.04,577,1.39930675909879E-004,3.14844020797227E+018,367,1964,1
1964.12,579,1.31468048359240E-004,2.95803108808290E+018,346,1964,2
1964.20,562,1.56583629893238E-004,3.52313167259786E+018,9999,1964,3
1964.29,553,1.59132007233273E-004,3.58047016274864E+018,9999,1964,4
1964.37,538,1.63568773234201E-004,3.68029739776952E+018,9999,1964,5
1964.45,531,1.65725047080979E-004,3.72881355932203E+018,9999,1964,6
1964.54,534,1.99400749063670E-004,4.48651685393258E+018,484,1964,7
1964.62,529,1.83818525519849E-004,4.13591682419660E+018,442,1964,8
1964.70,521,1.99731285988484E-004,4.49395393474088E+018,473,1964,9
1964.79,518,1.98339768339768E-004,4.46264478764479E+018,467,1964,10
1964.87,516,1.88023255813954E-004,4.23052325581395E+018,441,1964,11
1964.95,499,1.71943887775551E-004,3.86873747494990E+018,390,1964,12
1965.04,497,1.68651911468813E-004,3.79466800804829E+018,381,1965,1
1965.12,495,1.93777777777778E-004,4.36000000000000E+018,436,1965,2
1965.20,484,1.95454545454545E-004,4.39772727272727E+018,430,1965,3
1965.29,472,1.80381355932203E-004,4.05858050847457E+018,387,1965,4
1965.37,466,1.90729613733906E-004,4.29141630901288E+018,404,1965,5
1965.45,498,1.83333333333333E-004,4.12500000000000E+018,415,1965,6
1965.54,515,1.95223300970874E-004,4.39252427184466E+018,457,1965,7
1965.62,517,1.87659574468085E-004,4.22234042553191E+018,441,1965,8
1965.70,511,1.84266144814090E-004,4.14598825831702E+018,428,1965,9
1965.79,499,1.82084168336673E-004,4.09689378757515E+018,413,1965,10
1965.87,484,1.71818181818182E-004,3.86590909090909E+018,378,1965,11
1965.95,485,1.87340206185567E-004,4.21515463917526E+018,413,1965,12
1966.04,501,1.85748502994012E-004,4.17934131736527E+018,423,1966,1
1966.12,503,1.89821073558648E-004,4.27097415506958E+018,434,1966,2
1966.20,525,1.76838095238095E-004,3.97885714285714E+018,422,1966,3
1966.29,534,1.63146067415730E-004,3.67078651685393E+018,396,1966,4
1966.37,517,1.55744680851064E-004,3.50425531914894E+018,366,1966,5
1966.45,551,1.63702359346642E-004,3.68330308529945E+018,410,1966,6
1966.54,571,1.65674255691769E-004,3.72767075306480E+018,430,1966,7
1966.62,575,1.61843478260870E-004,3.64147826086957E+018,423,1966,8
1966.70,673,1.59851411589896E-004,3.59665676077266E+018,489,1966,9
1966.79,614,1.60521172638437E-004,3.61172638436482E+018,448,1966,10
1966.87,591,1.60439932318105E-004,3.60989847715736E+018,431,1966,11
1966.95,616,1.63571428571429E-004,3.68035714285714E+018,458,1966,12
1967.04,633,1.34154818325434E-004,3.01848341232227E+018,386,1967,1
1967.12,647,1.40092735703246E-004,3.15208655332303E+018,412,1967,2
1967.20,614,1.33648208469055E-004,3.00708469055375E+018,373,1967,3
1967.29,623,1.41252006420546E-004,3.17817014446228E+018,400,1967,4
1967.37,659,1.47556904400607E-004,3.32003034901366E+018,442,1967,5
1967.45,675,1.35585185185185E-004,3.05066666666667E+018,416,1967,6
1967.54,656,1.36158536585366E-004,3.06356707317073E+018,406,1967,7
1967.62,683,1.41727672035139E-004,3.18887262079063E+018,440,1967,8
1967.70,674,1.47863501483680E-004,3.32692878338279E+018,453,1967,9
1967.79,663,1.49984917043741E-004,3.37466063348416E+018,452,1967,10
1967.87,691,1.40405209840810E-004,3.15911722141823E+018,441,1967,11
1967.95,694,1.55331412103746E-004,3.49495677233429E+018,490,1967,12
1968.04,680,1.42352941176471E-004,3.20294117647059E+018,440,1968,1
1968.12,688,1.53168604651163E-004,3.44629360465116E+018,479,1968,2
1968.20,693,1.47936507936508E-004,3.32857142857143E+018,466,1968,3
1968.29,684,1.50526315789474E-004,3.38684210526316E+018,468,1968,4
1968.37,708,1.48531073446328E-004,3.34194915254237E+018,478,1968,5
1968.45,752,1.43058510638298E-004,3.21881648936170E+018,489,1968,6
1968.54,746,1.34182305630027E-004,3.01910187667560E+018,455,1968,7
1968.62,732,1.41557377049180E-004,3.18504098360656E+018,471,1968,8
1968.70,758,1.29736147757256E-004,2.91906332453826E+018,447,1968,9
1968.79,801,1.32659176029963E-004,2.98483146067416E+018,483,1968,10
1968.87,883,1.37032842582106E-004,3.08323895809740E+018,550,1968,11
1968.95,854,1.15409836065574E-004,2.59672131147541E+018,448,1968,12
1969.04,761,1.24599211563732E-004,2.80348226018397E+018,431,1969,1
1969.12,756,1.29206349206349E-004,2.90714285714286E+018,444,1969,2
1969.20,771,1.31543450064851E-004,2.95972762645914E+018,461,1969,3
1969.29,788,1.16700507614213E-004,2.62576142131980E+018,418,1969,4
1969.37,864,1.11273148148148E-004,2.50364583333333E+018,437,1969,5
1969.45,897,9.81047937569677E-005,2.20735785953177E+018,400,1969,6
1969.54,861,9.40301974448316E-005,2.11567944250871E+018,368,1969,7
1969.62,812,1.11354679802956E-004,2.50548029556650E+018,411,1969,8
1969.70,784,1.16734693877551E-004,2.62653061224490E+018,416,1969,9
1969.79,774,1.11989664082687E-004,2.51976744186047E+018,394,1969,10
1969.87,770,1.19142857142857E-004,2.68071428571429E+018,417,1969,11
1969.95,772,1.17124352331606E-004,2.63529792746114E+018,411,1969,12
1970.04,768,1.09427083333333E-004,2.46210937500000E+018,382,1970,1
1970.12,740,1.21297297297297E-004,2.72918918918919E+018,408,1970,2
1970.20,746,1.29168900804290E-004,2.90630026809651E+018,438,1970,3
1970.29,791,1.21542351453856E-004,2.73470290771176E+018,437,1970,4
1970.37,783,1.16321839080460E-004,2.61724137931035E+018,414,1970,5
1970.45,849,1.06760895170789E-004,2.40212014134276E+018,412,1970,6
1970.54,848,1.21415094339623E-004,2.73183962264151E+018,468,1970,7
1970.62,801,1.11510611735331E-004,2.50898876404494E+018,406,1970,8
1970.70,754,1.28381962864722E-004,2.88859416445623E+018,440,1970,9
1970.79,736,1.23750000000000E-004,2.78437500000000E+018,414,1970,10
1970.87,776,1.25309278350515E-004,2.81945876288660E+018,442,1970,11
1970.95,704,1.18125000000000E-004,2.65781250000000E+018,378,1970,12
1971.04,691,1.46454413892909E-004,3.29522431259045E+018,460,1971,1
1971.12,652,1.56564417177914E-004,3.52269938650307E+018,464,1971,2
1971.20,644,1.48260869565217E-004,3.33586956521739E+018,434,1971,3
1971.29,644,1.48602484472050E-004,3.34355590062112E+018,435,1971,4
1971.37,627,1.49473684210526E-004,3.36315789473684E+018,426,1971,5
1971.45,579,1.61485319516408E-004,3.63341968911917E+018,425,1971,6
1971.54,574,1.65191637630662E-004,3.71681184668990E+018,431,1971,7
1971.62,559,1.57423971377460E-004,3.54203935599284E+018,9999,1971,8
1971.70,557,1.57989228007181E-004,3.55475763016158E+018,9999,1971,9
1971.79,535,1.64485981308411E-004,3.70093457943925E+018,9999,1971,10
1971.87,538,1.63568773234201E-004,3.68029739776952E+018,9999,1971,11
1971.95,550,1.92800000000000E-004,4.33800000000000E+018,482,1971,12
1972.04,545,1.82458715596330E-004,4.10532110091743E+018,452,1972,1
1972.12,542,1.68450184501845E-004,3.79012915129151E+018,415,1972,2
1972.20,509,1.73752455795678E-004,3.90943025540275E+018,402,1972,3
1972.29,499,1.68416833667335E-004,3.78937875751503E+018,382,1972,4
1972.37,516,1.73100775193799E-004,3.89476744186047E+018,406,1972,5
1972.45,565,1.54973451327434E-004,3.48690265486726E+018,398,1972,6
1972.54,533,1.49831144465291E-004,3.37120075046904E+018,363,1972,7
1972.62,649,1.35593220338983E-004,3.05084745762712E+018,9999,1972,8
1972.70,542,1.62361623616236E-004,3.65313653136531E+018,9999,1972,9
1972.79,529,1.60529300567108E-004,3.61190926275992E+018,386,1972,10
1972.87,554,1.65198555956679E-004,3.71696750902527E+018,416,1972,11
1972.95,532,1.51353383458647E-004,3.40545112781955E+018,366,1972,12
1973.04,525,2.04495238095238E-004,4.60114285714286E+018,488,1973,1
1973.12,528,2.12500000000000E-004,4.78125000000000E+018,510,1973,2
1973.20,548,2.09562043795620E-004,4.71514598540146E+018,522,1973,3
1973.29,603,2.06500829187396E-004,4.64626865671642E+018,566,1973,4
1973.37,639,1.86604068857590E-004,4.19859154929577E+018,542,1973,5
1973.45,582,1.94295532646048E-004,4.37164948453608E+018,514,1973,6
1973.54,559,1.90089445438283E-004,4.27701252236136E+018,483,1973,7
1973.62,546,1.71648351648352E-004,3.86208791208791E+018,426,1973,8
1973.70,513,1.80545808966862E-004,4.06228070175439E+018,421,1973,9
1973.79,516,1.98682170542636E-004,4.47034883720930E+018,466,1973,10
1973.87,508,1.89685039370079E-004,4.26791338582677E+018,438,1973,11
1973.95,505,1.94297029702970E-004,4.37168316831683E+018,446,1973,12
1974.04,514,2.20428015564202E-004,4.95963035019455E+018,515,1974,1
1974.12,500,2.19120000000000E-004,4.93020000000000E+018,498,1974,2
1974.20,527,2.24174573055029E-004,5.04392789373814E+018,537,1974,3
1974.29,535,2.14242990654206E-004,4.82046728971963E+018,521,1974,4
1974.37,580,1.97241379310345E-004,4.43793103448276E+018,520,1974,5
1974.45,603,2.01028192371476E-004,4.52313432835821E+018,551,1974,6
1974.54,648,1.84012345679012E-004,4.14027777777778E+018,542,1974,7
1974.62,605,1.88363636363636E-004,4.23818181818182E+018,518,1974,8
1974.70,635,1.86393700787402E-004,4.19385826771654E+018,538,1974,9
1974.79,629,1.88521462639110E-004,4.24173290937997E+018,539,1974,10
1974.87,614,1.88110749185668E-004,4.23249185667752E+018,525,1974,11
1974.95,566,2.07173144876325E-004,4.66139575971731E+018,533,1974,12
1975.04,560,1.98392857142857E-004,4.46383928571429E+018,505,1975,1
1975.12,535,2.29869158878505E-004,5.17205607476636E+018,559,1975,2
1975.20,527,2.23339658444023E-004,5.02514231499051E+018,535,1975,3
1975.29,517,2.10212765957447E-004,4.72978723404255E+018,494,1975,4
1975.37,511,2.09667318982388E-004,4.71751467710372E+018,487,1975,5
1975.45,501,2.16047904191617E-004,4.86107784431138E+018,492,1975,6
1975.54,506,2.11739130434783E-004,4.76413043478261E+018,487,1975,7
1975.62,523,1.84244741873805E-004,4.14550669216061E+018,438,1975,8
1975.70,516,1.71821705426357E-004,3.86598837209302E+018,403,1975,9
1975.79,520,1.65846153846154E-004,3.73153846153846E+018,392,1975,10
1975.87,545,1.89321100917431E-004,4.25972477064220E+018,469,1975,11
1975.95,524,2.14122137404580E-004,4.81774809160305E+018,510,1975,12
1976.04,531,1.91826741996234E-004,4.31610169491525E+018,463,1976,1
1976.12,521,2.16621880998081E-004,4.87399232245681E+018,513,1976,2
1976.20,522,2.25478927203065E-004,5.07327586206897E+018,535,1976,3
1976.29,540,1.94740740740741E-004,4.38166666666667E+018,478,1976,4
1976.37,520,1.89115384615385E-004,4.25509615384615E+018,447,1976,5
1976.45,508,1.92283464566929E-004,4.32637795275591E+018,444,1976,6
1976.54,501,2.04191616766467E-004,4.59431137724551E+018,465,1976,7
1976.62,500,1.83040000000000E-004,4.11840000000000E+018,416,1976,8
1976.70,492,1.96300813008130E-004,4.41676829268293E+018,439,1976,9
1976.79,495,1.81777777777778E-004,4.09000000000000E+018,409,1976,10
1976.87,494,1.75910931174089E-004,3.95799595141700E+018,395,1976,11
1976.95,499,1.82084168336673E-004,4.09689378757515E+018,413,1976,12
1977.04,506,1.74347826086957E-004,3.92282608695652E+018,401,1977,1
1977.12,503,1.89383697813121E-004,4.26113320079523E+018,433,1977,2
1977.20,492,1.78414634146341E-004,4.01432926829268E+018,399,1977,3
1977.29,499,1.97074148296593E-004,4.43416833667335E+018,447,1977,4
1977.37,498,1.81124497991968E-004,4.07530120481928E+018,410,1977,5
1977.45,510,1.80313725490196E-004,4.05705882352941E+018,418,1977,6
1977.54,546,1.81721611721612E-004,4.08873626373626E+018,451,1977,7
1977.62,540,1.89444444444444E-004,4.26250000000000E+018,465,1977,8
1977.70,541,1.69168207024030E-004,3.80628465804067E+018,416,1977,9
1977.79,515,1.68310679611651E-004,3.78699029126214E+018,394,1977,10
1977.87,504,1.65873015873016E-004,3.73214285714286E+018,380,1977,11
1977.95,503,1.63578528827038E-004,3.68051689860835E+018,374,1977,12
1978.04,547,1.62486288848263E-004,3.65594149908592E+018,404,1978,1
1978.12,560,1.65000000000000E-004,3.71250000000000E+018,420,1978,2
1978.20,568,1.74683098591549E-004,3.93036971830986E+018,451,1978,3
1978.29,613,1.77650897226754E-004,3.99714518760196E+018,495,1978,4
1978.37,667,1.55022488755622E-004,3.48800599700150E+018,470,1978,5
1978.45,623,1.59967897271268E-004,3.59927768860353E+018,453,1978,6
1978.54,619,1.36833602584814E-004,3.07875605815832E+018,385,1978,7
1978.62,560,1.57928571428571E-004,3.55339285714286E+018,402,1978,8
1978.70,555,1.70054054054054E-004,3.82621621621622E+018,429,1978,9
1978.79,603,1.45207296849088E-004,3.26716417910448E+018,398,1978,10
1978.87,583,1.64528301886793E-004,3.70188679245283E+018,436,1978,11
1978.95,583,1.65660377358491E-004,3.72735849056604E+018,439,1978,12
1979.04,622,1.59163987138264E-004,3.58118971061093E+018,450,1979,1
1979.12,638,1.46206896551724E-004,3.28965517241379E+018,424,1979,2
1979.20,664,1.40481927710843E-004,3.16084337349398E+018,424,1979,3
1979.29,720,1.53694444444444E-004,3.45812500000000E+018,503,1979,4
1979.37,696,1.40660919540230E-004,3.16487068965517E+018,445,1979,5
1979.45,757,1.18282694848085E-004,2.66136063408190E+018,407,1979,6
1979.54,757,1.16829590488772E-004,2.62866578599736E+018,402,1979,7
1979.62,821,1.17101096224117E-004,2.63477466504263E+018,437,1979,8
1979.70,799,1.06558197747184E-004,2.39755944931164E+018,387,1979,9
1979.79,748,1.07941176470588E-004,2.42867647058824E+018,367,1979,10
1979.87,749,1.06034712950601E-004,2.38578104138852E+018,361,1979,11
1979.95,701,1.17375178316690E-004,2.64094151212554E+018,374,1979,12
1980.04,717,1.26722454672246E-004,2.85125523012552E+018,413,1980,1
1980.12,727,1.16808803301238E-004,2.62819807427785E+018,386,1980,2
1980.20,692,1.09364161849711E-004,2.46069364161850E+018,344,1980,3
1980.29,735,1.20027210884354E-004,2.70061224489796E+018,401,1980,4
1980.37,734,1.11198910081744E-004,2.50197547683924E+018,371,1980,5
1980.45,813,1.07429274292743E-004,2.41715867158672E+018,397,1980,6
1980.54,817,1.01787025703794E-004,2.29020807833537E+018,378,1980,7
1980.62,803,9.72602739726028E-005,2.18835616438356E+018,355,1980,8
1980.70,793,9.54350567465322E-005,2.14728877679697E+018,344,1980,9
1980.79,853,1.09355216881594E-004,2.46049237983587E+018,424,1980,10
1980.87,905,1.10364640883978E-004,2.48320441988950E+018,454,1980,11
1980.95,906,1.03443708609272E-004,2.32748344370861E+018,426,1980,12
1981.04,833,1.01152460984394E-004,2.27593037214886E+018,383,1981,1
1981.12,878,1.03485193621868E-004,2.32841685649203E+018,413,1981,2
1981.20,888,1.11486486486487E-004,2.50844594594595E+018,450,1981,3
1981.29,919,1.19934711643090E-004,2.69853101196953E+018,501,1981,4
1981.37,955,1.01130890052356E-004,2.27544502617801E+018,439,1981,5
1981.45,869,1.00759493670886E-004,2.26708860759494E+018,398,1981,6
1981.54,860,1.11534883720930E-004,2.50953488372093E+018,436,1981,7
1981.62,858,1.13333333333333E-004,2.55000000000000E+018,442,1981,8
1981.70,816,1.00294117647059E-004,2.25661764705882E+018,372,1981,9
1981.79,911,1.11811196487377E-004,2.51575192096597E+018,463,1981,10
1981.87,894,1.04340044742729E-004,2.34765100671141E+018,424,1981,11
1981.95,827,1.00290205562273E-004,2.25652962515115E+018,377,1981,12
1982.04,773,1.20388098318241E-004,2.70873221216041E+018,423,1982,1
1982.12,877,1.24675028506271E-004,2.80518814139111E+018,497,1982,2
1982.20,784,1.20102040816327E-004,2.70229591836735E+018,428,1982,3
1982.29,765,1.34588235294118E-004,3.02823529411765E+018,468,1982,4
1982.37,735,1.44272108843537E-004,3.24612244897959E+018,482,1982,5
1982.45,880,1.14750000000000E-004,2.58187500000000E+018,459,1982,6
1982.54,1012,1.10869565217391E-004,2.49456521739130E+018,510,1982,7
1982.62,1008,1.02579365079365E-004,2.30803571428571E+018,470,1982,8
1982.70,1082,1.01256931608133E-004,2.27828096118299E+018,498,1982,9
1982.79,1008,8.38095238095238E-005,1.88571428571429E+018,384,1982,10
1982.87,973,9.04419321685509E-005,2.03494347379240E+018,9999,1982,11
1982.95,1029,8.55199222546162E-005,1.92419825072886E+018,9999,1982,12
1983.04,936,9.40170940170940E-005,2.11538461538462E+018,9999,1983,1
1983.12,876,1.28584474885845E-004,2.89315068493151E+018,512,1983,2
1983.20,816,1.28063725490196E-004,2.88143382352941E+018,475,1983,3
1983.29,807,1.43667905824040E-004,3.23252788104089E+018,527,1983,4
1983.37,890,1.27550561797753E-004,2.86988764044944E+018,516,1983,5
1983.45,834,1.17649880095923E-004,2.64712230215827E+018,446,1983,6
1983.54,776,1.25025773195876E-004,2.81307989690722E+018,441,1983,7
1983.62,777,1.27979407979408E-004,2.87953667953668E+018,452,1983,8
1983.70,748,1.37941176470588E-004,3.10367647058823E+018,469,1983,9
1983.79,743,1.34427994616420E-004,3.02462987886945E+018,454,1983,10
1983.87,733,1.52469304229195E-004,3.43055934515689E+018,508,1983,11
1983.95,731,1.39945280437757E-004,3.14876880984952E+018,465,1983,12
1984.04,710,1.39746478873239E-004,3.14429577464789E+018,451,1984,1
1984.12,722,1.32548476454294E-004,2.98234072022161E+018,435,1984,2
1984.20,763,1.45032765399738E-004,3.26323722149410E+018,503,1984,3
1984.29,791,1.52692793931732E-004,3.43558786346397E+018,549,1984,4
1984.37,859,1.18323632130384E-004,2.66228172293364E+018,462,1984,5
1984.45,807,1.28128872366791E-004,2.88289962825279E+018,470,1984,6
1984.54,784,1.27959183673469E-004,2.87908163265306E+018,456,1984,7
1984.62,747,1.39303882195448E-004,3.13433734939759E+018,473,1984,8
1984.70,731,1.68235294117647E-004,3.78529411764706E+018,559,1984,9
1984.79,730,1.43150684931507E-004,3.22089041095890E+018,475,1984,10
1984.87,739,1.53017591339648E-004,3.44289580514208E+018,514,1984,11
1984.95,725,1.62951724137931E-004,3.66641379310345E+018,537,1984,12
1985.04,709,1.52045133991537E-004,3.42101551480959E+018,490,1985,1
1985.12,665,1.58796992481203E-004,3.57293233082707E+018,480,1985,2
1985.20,654,1.57094801223242E-004,3.53463302752294E+018,467,1985,3
1985.29,637,1.72684458398744E-004,3.88540031397174E+018,500,1985,4
1985.37,629,1.30461049284579E-004,2.93537360890302E+018,373,1985,5
1985.45,596,1.60939597315436E-004,3.62114093959732E+018,436,1985,6
1985.54,606,1.79339933993399E-004,4.03514851485149E+018,494,1985,7
1985.62,606,1.80066006600660E-004,4.05148514851485E+018,496,1985,8
1985.70,575,1.79826086956522E-004,4.04608695652174E+018,470,1985,9
1985.79,571,1.83397548161121E-004,4.12644483362522E+018,476,1985,10
1985.87,554,1.87833935018051E-004,4.22626353790614E+018,473,1985,11
1985.95,561,1.78431372549020E-004,4.01470588235294E+018,455,1985,12
1986.04,564,1.94255319148936E-004,4.37074468085106E+018,498,1986,1
1986.12,627,2.06315789473684E-004,4.64210526315790E+018,588,1986,2
1986.20,578,1.84602076124568E-004,4.15354671280277E+018,485,1986,3
1986.29,524,1.78435114503817E-004,4.01479007633588E+018,425,1986,4
1986.37,515,1.69165048543689E-004,3.80621359223301E+018,396,1986,5
1986.45,511,1.72641878669276E-004,3.88444227005871E+018,401,1986,6
1986.54,508,1.87952755905512E-004,4.22893700787402E+018,434,1986,7
1986.62,507,2.15660749506903E-004,4.85236686390533E+018,497,1986,8
1986.70,503,2.25248508946322E-004,5.06809145129225E+018,515,1986,9
1986.79,488,2.15040983606557E-004,4.83842213114754E+018,477,1986,10
1986.87,524,1.70038167938931E-004,3.82585877862595E+018,405,1986,11
1986.95,491,1.76089613034623E-004,3.96201629327902E+018,393,1986,12
1987.04,466,1.84120171673820E-004,4.14270386266094E+018,390,1987,1
1987.12,446,2.32825112107623E-004,5.23856502242152E+018,472,1987,2
1987.20,447,2.39686800894855E-004,5.39295302013423E+018,487,1987,3
1987.29,451,1.72682926829268E-004,3.88536585365854E+018,354,1987,4
1987.37,470,1.64297872340426E-004,3.69670212765957E+018,351,1987,5
1987.45,507,1.62721893491124E-004,3.66124260355030E+018,375,1987,6
1987.54,527,1.55711574952562E-004,3.50351043643264E+018,373,1987,7
1987.62,551,1.86860254083485E-004,4.20435571687840E+018,468,1987,8
1987.70,571,1.86479859894921E-004,4.19579684763573E+018,484,1987,9
1987.79,571,1.88791593695271E-004,4.24781085814361E+018,490,1987,10
1987.87,597,1.71725293132328E-004,3.86381909547739E+018,466,1987,11
1987.95,594,1.58518518518519E-004,3.56666666666667E+018,428,1987,12
1988.04,665,1.30015037593985E-004,2.92533834586466E+018,393,1988,1
1988.12,640,1.45062500000000E-004,3.26390625000000E+018,422,1988,2
1988.20,627,1.51228070175439E-004,3.40263157894737E+018,431,1988,3
1988.29,642,1.50436137071651E-004,3.38481308411215E+018,439,1988,4
1988.37,636,1.52201257861635E-004,3.42452830188679E+018,440,1988,5
1988.45,646,1.36563467492260E-004,3.07267801857585E+018,401,1988,6
1988.54,691,1.34992764109986E-004,3.03733719247467E+018,424,1988,7
1988.62,703,1.37382645803698E-004,3.09110953058322E+018,439,1988,8
1988.70,694,1.41700288184438E-004,3.18825648414986E+018,447,1988,9
1988.79,712,1.34101123595506E-004,3.01727528089888E+018,434,1988,10
1988.87,723,1.28409405255878E-004,2.88921161825726E+018,422,1988,11
1988.95,796,1.26582914572864E-004,2.84811557788945E+018,458,1988,12
1989.04,828,1.28333333333333E-004,2.88750000000000E+018,483,1989,1
1989.12,832,1.32740384615385E-004,2.98665865384615E+018,502,1989,2
1989.20,980,1.25938775510204E-004,2.83362244897959E+018,561,1989,3
1989.29,956,1.12761506276151E-004,2.53713389121339E+018,490,1989,4
1989.37,1014,9.58974358974359E-005,2.15769230769231E+018,442,1989,5
1989.45,1000,8.99800000000000E-005,2.02455000000000E+018,409,1989,6
1989.54,912,9.09429824561404E-005,2.04621710526316E+018,377,1989,7
1989.62,952,1.00063025210084E-004,2.25141806722689E+018,433,1989,8
1989.70,986,8.72413793103448E-005,1.96293103448276E+018,391,1989,9
1989.79,1055,9.82180094786730E-005,2.20990521327014E+018,471,1989,10
1989.87,1126,9.04618117229130E-005,2.03539076376554E+018,463,1989,11
1989.95,1078,9.55102040816327E-005,2.14897959183673E+018,468,1989,12
1990.04,1018,1.02436149312377E-004,2.30481335952849E+018,474,1990,1
1990.12,1000,1.07360000000000E-004,2.41560000000000E+018,488,1990,2
1990.20,1034,9.34042553191489E-005,2.10159574468085E+018,439,1990,3
1990.29,1103,9.25475974614687E-005,2.08232094288305E+018,464,1990,4
1990.37,1123,8.63935886019591E-005,1.94385574354408E+018,441,1990,5
1990.45,1125,8.50666666666667E-005,1.91400000000000E+018,435,1990,6
1990.54,1036,8.38803088803089E-005,1.88730694980695E+018,395,1990,7
1990.62,1059,1.04910292728990E-004,2.36048158640227E+018,505,1990,8
1990.70,999,9.71171171171171E-005,2.18513513513513E+018,441,1990,9
1990.79,941,1.01232731137088E-004,2.27773645058448E+018,433,1990,10
1990.87,890,9.86292134831461E-005,2.21915730337079E+018,399,1990,11
1990.95,889,9.32958380202475E-005,2.09915635545557E+018,377,1990,12
1991.04,826,1.04406779661017E-004,2.34915254237288E+018,392,1991,1
1991.12,814,1.07837837837838E-004,2.42635135135135E+018,399,1991,2
1991.20,1018,9.33595284872299E-005,2.10058939096267E+018,432,1991,3
1991.29,990,9.15555555555556E-005,2.06000000000000E+018,412,1991,4
1991.37,972,9.30246913580247E-005,2.09305555555556E+018,411,1991,5
1991.45,1360,9.13970588235294E-005,2.05643382352941E+018,565,1991,6
1991.54,1334,8.49325337331334E-005,1.91098200899550E+018,515,1991,7
1991.62,1133,1.01941747572816E-004,2.29368932038835E+018,525,1991,8
1991.70,990,9.64444444444445E-005,2.17000000000000E+018,434,1991,9
1991.79,953,1.13578174186779E-004,2.55550891920252E+018,492,1991,10
1991.87,943,1.16415694591729E-004,2.61935312831389E+018,499,1991,11
1991.95,895,1.15284916201117E-004,2.59391061452514E+018,469,1991,12
1992.04,889,1.02452193475816E-004,2.30517435320585E+018,414,1992,1
1992.12,923,1.05352112676056E-004,2.37042253521127E+018,442,1992,2
1992.20,852,1.07159624413146E-004,2.41109154929578E+018,415,1992,3
1992.29,769,1.12145643693108E-004,2.52327698309493E+018,392,1992,4
1992.37,797,1.23663739021330E-004,2.78243412797992E+018,448,1992,5
1992.45,734,1.35177111716621E-004,3.04148501362398E+018,451,1992,6
1992.54,693,1.16825396825397E-004,2.62857142857143E+018,368,1992,7
1992.62,696,1.27385057471264E-004,2.86616379310345E+018,403,1992,8
1992.70,713,1.43786816269285E-004,3.23520336605891E+018,466,1992,9
1992.79,671,1.53114754098361E-004,3.44508196721311E+018,467,1992,10
1992.87,688,1.45174418604651E-004,3.26642441860465E+018,454,1992,11
1992.95,646,1.64148606811146E-004,3.69334365325077E+018,482,1992,12
1993.04,658,1.66838905775076E-004,3.75387537993921E+018,499,1993,1
1993.12,662,1.74471299093656E-004,3.92560422960725E+018,525,1993,2
1993.20,695,1.50676258992806E-004,3.39021582733813E+018,476,1993,3
1993.29,651,1.57818740399386E-004,3.55092165898617E+018,467,1993,4
1993.37,635,1.56944881889764E-004,3.53125984251969E+018,453,1993,5
1993.45,620,1.58612903225806E-004,3.56879032258064E+018,447,1993,6
1993.54,612,1.53856209150327E-004,3.46176470588235E+018,428,1993,7
1993.62,612,1.50261437908497E-004,3.38088235294118E+018,418,1993,8
1993.70,596,1.39161073825503E-004,3.13112416107382E+018,377,1993,9
1993.79,591,1.47038917089679E-004,3.30837563451777E+018,395,1993,10
1993.87,593,1.74367622259697E-004,3.92327150084317E+018,470,1993,11
1993.95,595,1.86722689075630E-004,4.20126050420168E+018,505,1993,12
1994.04,596,1.99328859060403E-004,4.48489932885906E+018,540,1994,1
1994.12,635,2.09259842519685E-004,4.70834645669291E+018,604,1994,2
1994.20,625,1.87264000000000E-004,4.21344000000000E+018,532,1994,3
1994.29,631,2.00475435816165E-004,4.51069730586371E+018,575,1994,4
1994.37,612,2.25751633986928E-004,5.07941176470588E+018,628,1994,5
1994.45,610,2.06295081967213E-004,4.64163934426229E+018,572,1994,6
1994.54,594,1.92592592592593E-004,4.33333333333333E+018,520,1994,7
1994.62,574,1.60209059233450E-004,3.60470383275261E+018,418,1994,8
1994.70,556,1.70143884892086E-004,3.82823741007194E+018,430,1994,9
1994.79,564,1.84113475177305E-004,4.14255319148936E+018,472,1994,10
1994.87,563,1.53570159857904E-004,3.45532859680284E+018,393,1994,11
1994.95,570,1.84491228070175E-004,4.15105263157895E+018,478,1994,12
1995.04,553,1.77432188065100E-004,3.99222423146474E+018,446,1995,1
1995.12,542,1.81033210332103E-004,4.07324723247233E+018,446,1995,2
1995.20,560,1.81107142857143E-004,4.07491071428571E+018,461,1995,3
1995.29,549,1.73916211293261E-004,3.91311475409836E+018,434,1995,4
1995.37,542,1.99704797047971E-004,4.49335793357934E+018,492,1995,5
1995.45,544,1.80367647058824E-004,4.05827205882353E+018,446,1995,6
1995.54,541,1.56561922365989E-004,3.52264325323475E+018,385,1995,7
1995.62,535,1.70242990654206E-004,3.83046728971963E+018,414,1995,8
1995.70,530,1.71433962264151E-004,3.85726415094340E+018,413,1995,9
1995.79,533,1.76247654784240E-004,3.96557223264540E+018,427,1995,10
1995.87,530,1.61056603773585E-004,3.62377358490566E+018,388,1995,11
1995.95,526,1.62699619771863E-004,3.66074144486692E+018,389,1995,12
1996.04,522,1.78275862068966E-004,4.01120689655172E+018,423,1996,1
1996.12,505,1.94297029702970E-004,4.37168316831683E+018,446,1996,2
1996.20,505,1.89069306930693E-004,4.25405940594059E+018,434,1996,3
1996.29,499,1.91783567134269E-004,4.31513026052104E+018,435,1996,4
1996.37,505,1.70336633663366E-004,3.83257425742574E+018,391,1996,5
1996.45,505,1.61188118811881E-004,3.62673267326733E+018,370,1996,6
1996.54,506,1.70434782608696E-004,3.83478260869565E+018,392,1996,7
1996.62,509,1.86719056974460E-004,4.20117878192534E+018,432,1996,8
1996.70,514,2.05875486381323E-004,4.63219844357977E+018,481,1996,9
1996.79,522,1.93869731800766E-004,4.36206896551724E+018,460,1996,10
1996.87,525,1.70133333333333E-004,3.82800000000000E+018,406,1996,11
1996.95,517,1.70638297872340E-004,3.83936170212766E+018,401,1996,12
1997.04,506,1.80000000000000E-004,4.05000000000000E+018,414,1997,1
1997.12,497,1.81046277665996E-004,4.07354124748491E+018,409,1997,2
1997.20,494,1.73238866396761E-004,3.89787449392712E+018,389,1997,3
1997.29,498,1.75381526104418E-004,3.94608433734940E+018,397,1997,4
1997.37,495,1.60000000000000E-004,3.60000000000000E+018,360,1997,5
1997.45,496,1.65443548387097E-004,3.72247983870968E+018,373,1997,6
1997.54,499,1.67975951903808E-004,3.77945891783567E+018,381,1997,7
1997.62,489,1.73210633946830E-004,3.89723926380368E+018,385,1997,8
1997.70,496,1.72540322580645E-004,3.88215725806452E+018,389,1997,9
1997.79,507,1.63155818540434E-004,3.67100591715976E+018,376,1997,10
1997.87,518,1.59691119691120E-004,3.59305019305019E+018,376,1997,11
1997.95,510,1.40627450980392E-004,3.16411764705882E+018,326,1997,12
1998.04,505,1.62495049504951E-004,3.65613861386139E+018,373,1998,1
1998.12,500,1.65880000000000E-004,3.73230000000000E+018,377,1998,2
1998.20,498,1.77590361445783E-004,3.99578313253012E+018,402,1998,3
1998.29,559,1.49552772808587E-004,3.36493738819320E+018,380,1998,4
1998.37,606,1.66633663366337E-004,3.74925742574257E+018,459,1998,5
1998.45,583,1.56226415094340E-004,3.51509433962264E+018,414,1998,6
1998.54,554,1.66389891696751E-004,3.74377256317689E+018,419,1998,7
1998.62,589,1.56129032258065E-004,3.51290322580645E+018,418,1998,8
1998.70,558,1.60465949820789E-004,3.61048387096774E+018,407,1998,9
1998.79,536,1.83880597014925E-004,4.13731343283582E+018,448,1998,10
1998.87,552,1.66594202898551E-004,3.74836956521739E+018,418,1998,11
1998.95,576,1.52395833333333E-004,3.42890625000000E+018,399,1998,12
1999.04,618,1.49514563106796E-004,3.36407766990291E+018,420,1999,1
1999.12,623,1.46902086677368E-004,3.30529695024077E+018,416,1999,2
1999.20,609,1.54975369458128E-004,3.48694581280788E+018,429,1999,3
1999.29,593,1.62866779089376E-004,3.66450252951096E+018,439,1999,4
1999.37,601,1.63627287853577E-004,3.68161397670549E+018,447,1999,5
1999.45,584,1.49931506849315E-004,3.37345890410959E+018,398,1999,6
1999.54,568,1.53380281690141E-004,3.45105633802817E+018,396,1999,7
1999.62,632,1.62563291139241E-004,3.65767405063291E+018,467,1999,8
1999.70,687,1.53711790393013E-004,3.45851528384279E+018,480,1999,9
1999.79,719,1.48400556328234E-004,3.33901251738526E+018,485,1999,10
1999.87,735,1.30503401360544E-004,2.93632653061225E+018,436,1999,11
1999.95,757,1.30779392338177E-004,2.94253632760898E+018,450,1999,12
2000.04,728,1.43241758241758E-004,3.22293956043956E+018,474,2000,1
2000.12,759,1.44057971014493E-004,3.24130434782609E+018,497,2000,2
2000.20,795,1.12905660377359E-004,2.54037735849057E+018,408,2000,3
2000.29,788,1.20050761421320E-004,2.70114213197970E+018,430,2000,4
2000.37,846,1.18321513002364E-004,2.66223404255319E+018,455,2000,5
2000.45,899,1.15995550611791E-004,2.60989988876529E+018,474,2000,6
2000.54,958,1.07933194154489E-004,2.42849686847599E+018,470,2000,7
2000.62,908,1.05396475770925E-004,2.37142070484582E+018,435,2000,8
2000.70,868,1.14562211981567E-004,2.57764976958525E+018,452,2000,9
2000.79,811,1.12034525277435E-004,2.52077681874229E+018,413,2000,10
2000.87,889,1.17300337457818E-004,2.63925759280090E+018,474,2000,11
2000.95,859,1.01164144353900E-004,2.27619324796275E+018,395,2000,12
2001.04,820,1.00073170731707E-004,2.25164634146341E+018,373,2001,1
2001.12,761,1.13902759526938E-004,2.56281208935611E+018,394,2001,2
2001.20,723,1.28105117565699E-004,2.88236514522822E+018,421,2001,3
2001.29,866,1.30831408775982E-004,2.94370669745958E+018,515,2001,4
2001.37,789,1.19062103929024E-004,2.67889733840304E+018,427,2001,5
2001.45,769,1.24733420026008E-004,2.80650195058518E+018,436,2001,6
2001.54,757,1.24385733157199E-004,2.79867899603699E+018,428,2001,7
2001.62,809,1.17750309023486E-004,2.64938195302843E+018,433,2001,8
2001.70,804,1.16293532338308E-004,2.61660447761194E+018,425,2001,9
2001.79,844,1.08436018957346E-004,2.43981042654028E+018,416,2001,10
2001.87,798,1.20751879699248E-004,2.71691729323308E+018,438,2001,11
2001.95,775,1.14116129032258E-004,2.56761290322581E+018,402,2001,12
2002.04,851,1.01856639247944E-004,2.29177438307873E+018,394,2002,1
2002.12,767,1.19035202086050E-004,2.67829204693611E+018,415,2002,2
2002.20,798,1.21027568922306E-004,2.72312030075188E+018,439,2002,3
2002.29,804,1.24228855721393E-004,2.79514925373134E+018,454,2002,4
2002.37,801,1.20299625468165E-004,2.70674157303371E+018,438,2002,5
2002.45,785,1.10700636942675E-004,2.49076433121019E+018,395,2002,6
2002.54,830,1.18216867469880E-004,2.65987951807229E+018,446,2002,7
2002.62,889,1.06659167604050E-004,2.39983127109111E+018,431,2002,8
2002.70,841,1.07776456599287E-004,2.42497027348395E+018,412,2002,9
2002.79,820,1.29853658536585E-004,2.92170731707317E+018,484,2002,10
2002.87,870,1.22390804597701E-004,2.75379310344828E+018,484,2002,11
2002.95,849,1.24899882214370E-004,2.81024734982332E+018,482,2002,12
2003.04,822,1.26861313868613E-004,2.85437956204379E+018,474,2003,1
2003.12,821,1.38002436053593E-004,3.10505481120585E+018,515,2003,2
2003.20,808,1.43217821782178E-004,3.22240099009901E+018,526,2003,3
2003.29,833,1.39975990396159E-004,3.14945978391357E+018,530,2003,4
2003.37,844,1.53270142180095E-004,3.44857819905213E+018,588,2003,5
2003.45,903,1.49102990033223E-004,3.35481727574751E+018,612,2003,6
2003.54,853,1.44173505275498E-004,3.24390386869871E+018,559,2003,7
2003.62,834,1.50623501199041E-004,3.38902877697842E+018,571,2003,8
2003.70,800,1.47125000000000E-004,3.31031250000000E+018,535,2003,9
2003.79,844,1.35805687203791E-004,3.05562796208531E+018,521,2003,10
2003.87,1026,1.22222222222222E-004,2.75000000000000E+018,570,2003,11
2003.95,840,1.35142857142857E-004,3.04071428571429E+018,516,2003,12
2004.04,852,1.40727699530516E-004,3.16637323943662E+018,545,2004,1
2004.12,766,1.39007832898172E-004,3.12767624020888E+018,484,2004,2
2004.20,715,1.52307692307692E-004,3.42692307692308E+018,495,2004,3
2004.29,691,1.39450072358900E-004,3.13762662807525E+018,438,2004,4
2004.37,664,1.40481927710843E-004,3.16084337349398E+018,424,2004,5
2004.45,663,1.44343891402715E-004,3.24773755656109E+018,435,2004,6
2004.54,700,1.51485714285714E-004,3.40842857142857E+018,482,2004,7
2004.62,685,1.26861313868613E-004,2.85437956204379E+018,395,2004,8
2004.70,660,1.34333333333333E-004,3.02250000000000E+018,403,2004,9
2004.79,601,1.41297836938436E-004,3.17920133111481E+018,386,2004,10
2004.87,667,1.57331334332834E-004,3.53995502248876E+018,477,2004,11
2004.95,651,1.53425499231951E-004,3.45207373271889E+018,454,2004,12
2005.04,757,1.69722589167768E-004,3.81875825627477E+018,584,2005,1
2005.12,675,1.60029629629630E-004,3.60066666666667E+018,491,2005,2
2005.20,656,1.62652439024390E-004,3.65967987804878E+018,485,2005,3
2005.29,634,1.54763406940063E-004,3.48217665615142E+018,446,2005,4
2005.37,692,1.51965317919075E-004,3.41921965317919E+018,478,2005,5
2005.45,647,1.51653786707883E-004,3.41221020092736E+018,446,2005,6
2005.54,663,1.47662141779789E-004,3.32239819004525E+018,445,2005,7
2005.62,686,1.56501457725948E-004,3.52128279883382E+018,488,2005,8
2005.70,755,1.47443708609272E-004,3.31748344370861E+018,506,2005,9
2005.79,629,1.44101748807631E-004,3.24228934817170E+018,412,2005,10
2005.87,603,1.59800995024876E-004,3.59552238805970E+018,438,2005,11
2005.95,603,1.67827529021559E-004,3.77611940298508E+018,460,2005,12
2006.04,582,1.53848797250859E-004,3.46159793814433E+018,407,2006,1
2006.12,552,1.56630434782609E-004,3.52418478260869E+018,393,2006,2
2006.20,522,1.79540229885057E-004,4.03965517241379E+018,426,2006,3
2006.29,519,1.80154142581888E-004,4.05346820809249E+018,425,2006,4
2006.37,506,1.81739130434783E-004,4.08913043478261E+018,418,2006,5
2006.45,508,1.96614173228346E-004,4.42381889763780E+018,454,2006,6
2006.54,521,1.70595009596929E-004,3.83838771593090E+018,404,2006,7
2006.62,519,1.83121387283237E-004,4.12023121387283E+018,432,2006,8
2006.70,514,1.80194552529183E-004,4.05437743190661E+018,421,2006,9
2006.79,496,1.92500000000000E-004,4.33125000000000E+018,434,2006,10
2006.87,500,1.88760000000000E-004,4.24710000000000E+018,429,2006,11
2006.95,546,2.10732600732601E-004,4.74148351648352E+018,523,2006,12
2007.04,492,2.15528455284553E-004,4.84939024390244E+018,482,2007,1
2007.12,498,1.88192771084337E-004,4.23433734939759E+018,426,2007,2
2007.20,484,2.03636363636364E-004,4.58181818181818E+018,448,2007,3
2007.29,463,2.08596112311015E-004,4.69341252699784E+018,439,2007,4
2007.37,459,2.13769063180828E-004,4.80980392156863E+018,446,2007,5
2007.45,456,2.04561403508772E-004,4.60263157894737E+018,424,2007,6
2007.54,459,2.05141612200436E-004,4.61568627450980E+018,428,2007,7
2007.62,463,2.06220302375810E-004,4.63995680345572E+018,434,2007,8
2007.70,453,2.24370860927152E-004,5.04834437086093E+018,462,2007,9
2007.79,455,2.06945054945055E-004,4.65626373626374E+018,428,2007,10
2007.87,462,2.08095238095238E-004,4.68214285714286E+018,437,2007,11
2007.95,453,2.12715231788080E-004,4.78609271523179E+018,438,2007,12
2008.04,462,2.36666666666667E-004,5.32500000000000E+018,497,2008,1
2008.12,465,2.45548387096774E-004,5.52483870967742E+018,519,2008,2
2008.20,462,2.51428571428572E-004,5.65714285714286E+018,528,2008,3
2008.29,464,2.41810344827586E-004,5.44073275862069E+018,510,2008,4
2008.37,465,2.12903225806452E-004,4.79032258064516E+018,450,2008,5
2008.45,463,2.28077753779698E-004,5.13174946004320E+018,480,2008,6
2008.54,457,2.06039387308534E-004,4.63588621444201E+018,428,2008,7
2008.62,445,1.95775280898876E-004,4.40494382022472E+018,396,2008,8
2008.70,437,1.99862700228833E-004,4.49691075514874E+018,397,2008,9
2008.79,437,2.16979405034325E-004,4.88203661327231E+018,431,2008,10
2008.87,429,1.98974358974359E-004,4.47692307692308E+018,388,2008,11
2008.95,426,1.96244131455399E-004,4.41549295774648E+018,380,2008,12
2009.04,421,1.94916864608076E-004,4.38562945368171E+018,373,2009,1
2009.12,414,2.05120772946860E-004,4.61521739130435E+018,386,2009,2
2009.20,407,2.14594594594595E-004,4.82837837837838E+018,397,2009,3
2009.29,398,2.14472361809045E-004,4.82562814070352E+018,388,2009,4
2009.37,389,2.01336760925450E-004,4.53007712082262E+018,356,2009,5
2009.45,393,1.90330788804071E-004,4.28244274809160E+018,340,2009,6
2009.54,393,2.14961832061069E-004,4.83664122137405E+018,384,2009,7
2009.62,396,2.13333333333333E-004,4.80000000000000E+018,384,2009,8
2009.70,389,2.01902313624679E-004,4.54280205655527E+018,357,2009,9
2009.79,390,1.93487179487180E-004,4.35346153846154E+018,343,2009,10
2009.87,397,1.91738035264484E-004,4.31410579345088E+018,346,2009,11
2009.95,390,1.79384615384615E-004,4.03615384615385E+018,318,2009,12
2010.04,398,1.96231155778895E-004,4.41520100502513E+018,355,2010,1
2010.12,436,1.85183486238532E-004,4.16662844036697E+018,367,2010,2
2010.20,448,1.90535714285714E-004,4.28705357142857E+018,388,2010,3
2010.29,475,1.99157894736842E-004,4.48105263157895E+018,430,2010,4
2010.37,462,2.00476190476191E-004,4.51071428571429E+018,421,2010,5
2010.45,471,2.05987261146497E-004,4.63471337579618E+018,441,2010,6
2010.54,478,1.93765690376569E-004,4.35972803347280E+018,421,2010,7
2010.62,489,1.97055214723926E-004,4.43374233128834E+018,438,2010,8
2010.70,483,1.84016563146998E-004,4.14037267080745E+018,404,2010,9
2010.79,483,1.80828157349897E-004,4.06863354037267E+018,397,2010,10
2010.87,496,1.78750000000000E-004,4.02187500000000E+018,403,2010,11
2010.95,499,1.64448897795591E-004,3.70010020040080E+018,373,2010,12
2011.04,488,1.85737704918033E-004,4.17909836065574E+018,412,2011,1
2011.12,486,1.82427983539095E-004,4.10462962962963E+018,403,2011,2
2011.20,513,1.82690058479532E-004,4.11052631578947E+018,426,2011,3
2011.29,568,1.70809859154930E-004,3.84322183098592E+018,441,2011,4
2011.37,534,1.83745318352060E-004,4.13426966292135E+018,446,2011,5
2011.45,599,1.67479131886477E-004,3.76828046744574E+018,456,2011,6
2011.54,576,1.76840277777778E-004,3.97890625000000E+018,463,2011,7
2011.62,568,1.71584507042254E-004,3.86065140845070E+018,443,2011,8
2011.70,568,1.68098591549296E-004,3.78221830985915E+018,434,2011,9
2011.79,590,1.42813559322034E-004,3.21330508474576E+018,383,2011,10
2011.87,549,1.48670309653916E-004,3.34508196721311E+018,371,2011,11
2011.95,516,1.54341085271318E-004,3.47267441860465E+018,362,2011,12
2012.04,542,1.68044280442804E-004,3.78099630996310E+018,414,2012,1
2012.12,574,1.59059233449477E-004,3.57883275261324E+018,415,2012,2
2012.20,644,1.58850931677019E-004,3.57414596273292E+018,465,2012,3
2012.29,557,1.57594254937163E-004,3.54587073608618E+018,399,2012,4
2012.37,555,1.61333333333333E-004,3.63000000000000E+018,407,2012,5
2012.45,590,1.62203389830509E-004,3.64957627118644E+018,435,2012,6
2012.54,662,1.51540785498489E-004,3.40966767371601E+018,456,2012,7
2012.62,649,1.44406779661017E-004,3.24915254237288E+018,426,2012,8
2012.70,610,1.37049180327869E-004,3.08360655737705E+018,380,2012,9
2012.79,610,1.37770491803279E-004,3.09983606557377E+018,382,2012,10
2012.87,601,1.36173044925125E-004,3.06389351081531E+018,372,2012,11
2012.95,587,1.29676320272572E-004,2.91771720613288E+018,346,2012,12
2013.04,571,1.40630472854641E-004,3.16418563922942E+018,365,2013,1
2013.12,565,1.42513274336283E-004,3.20654867256637E+018,366,2013,2
2013.20,595,1.54184873949580E-004,3.46915966386555E+018,417,2013,3
2013.29,590,1.37220338983051E-004,3.08745762711864E+018,368,2013,4
2013.37,667,1.47766116941529E-004,3.32473763118441E+018,448,2013,5
2013.45,675,1.46340740740741E-004,3.29266666666667E+018,449,2013,6
2013.54,656,1.34817073170732E-004,3.03338414634146E+018,402,2013,7
2013.62,644,1.49627329192547E-004,3.36661490683230E+018,438,2013,8
2013.70,630,1.37587301587302E-004,3.09571428571429E+018,394,2013,9
2013.79,598,1.36856187290970E-004,3.07926421404682E+018,372,2013,10
2013.87,610,1.34163934426230E-004,3.01868852459016E+018,372,2013,11
2013.95,635,1.27149606299213E-004,2.86086614173228E+018,367,2013,12
2014.04,630,1.47365079365079E-004,3.31571428571429E+018,422,2014,1
2014.12,670,1.35611940298508E-004,3.05126865671642E+018,413,2014,2
2014.20,650,1.28953846153846E-004,2.90146153846154E+018,381,2014,3
2014.29,639,1.38059467918623E-004,3.10633802816901E+018,401,2014,4
2014.37,620,1.26322580645161E-004,2.84225806451613E+018,356,2014,5
2014.45,658,1.27051671732523E-004,2.85866261398176E+018,380,2014,6
2014.54,640,1.15843750000000E-004,2.60648437500000E+018,337,2014,7
2014.62,607,1.30840197693575E-004,2.94390444810544E+018,361,2014,8
2014.70,640,1.44718750000000E-004,3.25617187500000E+018,421,2014,9
2014.79,636,1.36981132075472E-004,3.08207547169811E+018,396,2014,10
2014.87,648,1.48364197530864E-004,3.33819444444444E+018,437,2014,11
2014.95,703,1.48961593172120E-004,3.35163584637269E+018,476,2014,12
2015.04,674,1.34807121661721E-004,3.03316023738872E+018,413,2015,1
2015.12,672,1.34553571428571E-004,3.02745535714286E+018,411,2015,2
2015.20,709,1.47080394922426E-004,3.30930888575458E+018,474,2015,3
2015.29,684,1.36052631578947E-004,3.06118421052632E+018,423,2015,4
2015.37,654,1.35229357798165E-004,3.04266055045872E+018,402,2015,5
2015.45,664,1.50753012048193E-004,3.39194277108434E+018,455,2015,6
2015.54,628,1.47834394904459E-004,3.32627388535032E+018,422,2015,7
2015.62,622,1.59871382636656E-004,3.59710610932476E+018,452,2015,8
2015.70,623,1.60674157303371E-004,3.61516853932584E+018,455,2015,9
2015.79,612,1.56732026143791E-004,3.52647058823529E+018,436,2015,10
2015.87,603,1.57247097844113E-004,3.53805970149254E+018,431,2015,11
2015.95,590,1.76000000000000E-004,3.96000000000000E+018,472,2015,12
2016.04,554,1.69963898916968E-004,3.82418772563177E+018,428,2016,1
2016.12,526,1.68136882129278E-004,3.78307984790875E+018,402,2016,2
2016.20,531,1.82297551789077E-004,4.10169491525424E+018,440,2016,3
2016.29,529,1.69262759924386E-004,3.80841209829868E+018,407,2016,4
2016.37,524,1.93549618320611E-004,4.35486641221374E+018,461,2016,5
2016.45,525,1.89409523809524E-004,4.26171428571429E+018,452,2016,6
2016.54,537,1.87225325884544E-004,4.21256983240223E+018,457,2016,7
2016.62,519,1.89479768786127E-004,4.26329479768786E+018,447,2016,8
2016.70,518,1.96640926640927E-004,4.42442084942085E+018,463,2016,9
2016.79,497,2.16016096579477E-004,4.86036217303823E+018,488,2016,10
2016.87,482,2.00373443983403E-004,4.50840248962656E+018,439,2016,11
2016.95,483,2.14078674948240E-004,4.81677018633540E+018,470,2016,12
